url_path,views_total,views_unique
/demichie/elicipy2,5,2
/demichie/elicipy2/tree/main/ELICITATIONS/Cotopaxi,4,1
/demichie/elicipy2/tree/main/elicipy,4,1
/demichie/elicipy2/tree/main/ELICITATIONS,3,1
/demichie/elicipy2/tree/main,2,2
/demichie/elicipy2/blob/main/ELICITATIONS/Cotopaxi/ElicipyDict.py,2,1
/demichie/elicipy2/blob/main/ELICITATIONS/Cotopaxi/createWebformDict.py,2,1
/demichie/elicipy2/upload/main/elicipy,2,1
/demichie/elicipy2/edit/main/ELICITATIONS/Cotopaxi/createWebformDict.py,1,1
/demichie/elicipy2/upload,1,1
